2016-05-04,лЗ©Сй╞,ххтЧ╬М╟Е,бщнф╦ж,╡ёа╖,сЯцв,кэао,сЯцв╣М╥ш,вьИ╣см,╬ш╠Шо╘,╩╕ба,╩╕п©,PVC,╡ксм,╤╧см,╩╕г╕,╩╕╫П,╩╕нЩ,╩╕м╜,╤╧р╩,╤╧фи,PTA,жёцч,╩╕рЬ,╤╞а╕ц╨,╪в╢╪,╩╕дЬ,╫╧ц╨,оП╫╨,╡кфи,╟влг,╪╕╣╟,╫╧л©,а╓гЮ
2016-05-10,лЗ©Сй╞,бщнф╦ж,╡ёа╖,ххтЧ╬М╟Е,сЯцв,кэао,сЯцв╣М╥ш,вьИ╣см,╤╧р╩,╫╧ц╨,╩╕ба,жёцч,╬ш╠Шо╘,╩╕п©,PVC,╫╧л©,╤╞а╕ц╨,╩╕м╜,╤╧см,╤╧фи,╪в╢╪,╩╕г╕,╩╕╫П,╡ксм,╩╕нЩ,╩╕дЬ,╩╕рЬ,PTA,╡кфи,оП╫╨,╪╕╣╟,╟влг,а╓гЮ
2016-05-17,лЗ©Сй╞,бщнф╦ж,ххтЧ╬М╟Е,╡ёа╖,╫╧л©,сЯцв,кэао,вьИ╣см,сЯцв╣М╥ш,╫╧ц╨,╤╧см,╩╕п©,жёцч,╤╧р╩,╬ш╠Шо╘,╩╕ба,PVC,╡ксм,╤╧фи,╩╕г╕,╤╞а╕ц╨,╩╕нЩ,╪в╢╪,╩╕м╜,╩╕╫П,PTA,╩╕дЬ,╩╕рЬ,╡кфи,оП╫╨,╪╕╣╟,╟влг,а╓гЮ
2016-05-24,лЗ©Сй╞,ххтЧ╬М╟Е,╡ёа╖,╫╧л©,бщнф╦ж,кэао,сЯцв,вьИ╣см,сЯцв╣М╥ш,╬ш╠Шо╘,╤╧см,╫╧ц╨,╤╧фи,╩╕ба,╤╧р╩,╩╕п©,жёцч,╡ксм,PVC,╩╕г╕,╪в╢╪,╩╕м╜,╩╕нЩ,╩╕╫П,╡кфи,╩╕рЬ,╩╕дЬ,PTA,╤╞а╕ц╨,╪╕╣╟,оП╫╨,╟влг,а╓гЮ
2016-05-31,╫╧л©,ххтЧ╬М╟Е,лЗ©Сй╞,кэао,╫╧ц╨,сЯцв,╡ёа╖,вьИ╣см,бщнф╦ж,╬ш╠Шо╘,сЯцв╣М╥ш,╩╕ба,╤╧см,╩╕п©,╤╧р╩,PVC,╤╧фи,╩╕м╜,╩╕╫П,╩╕г╕,╡ксм,╪в╢╪,╪╕╣╟,╩╕дЬ,PTA,╡кфи,╩╕рЬ,╩╕нЩ,жёцч,╤╞а╕ц╨,оП╫╨,╟влг,а╓гЮ
2016-06-07,╫╧л©,ххтЧ╬М╟Е,кэао,╫╧ц╨,сЯцв,вьИ╣см,╡ёа╖,сЯцв╣М╥ш,лЗ©Сй╞,╬ш╠Шо╘,╩╕ба,╤╧фи,бщнф╦ж,╩╕п©,PVC,жёцч,╤╧р╩,╩╕м╜,╤╧см,╩╕╫П,╩╕г╕,╪в╢╪,╡кфи,╩╕дЬ,╩╕нЩ,╩╕рЬ,╡ксм,PTA,╪╕╣╟,оП╫╨,╤╞а╕ц╨,╟влг,а╓гЮ
2016-06-14,╫╧ц╨,кэао,сЯцв,лЗ©Сй╞,ххтЧ╬М╟Е,╫╧л©,вьИ╣см,╡ёа╖,сЯцв╣М╥ш,╬ш╠Шо╘,╩╕ба,PVC,╤╧фи,╩╕п©,╤╧см,╩╕м╜,бщнф╦ж,╪в╢╪,╩╕г╕,╩╕╫П,жёцч,╡ксм,╩╕дЬ,PTA,╤╧р╩,╡кфи,╩╕рЬ,╩╕нЩ,╤╞а╕ц╨,оП╫╨,╟влг,╪╕╣╟,а╓гЮ
2016-06-21,╫╧ц╨,сЯцв,сЯцв╣М╥ш,лЗ©Сй╞,╡ёа╖,╫╧л©,ххтЧ╬М╟Е,кэао,вьИ╣см,╤╧фи,╬ш╠Шо╘,бщнф╦ж,╩╕ба,╩╕п©,PVC,╡кфи,╤╧см,╤╧р╩,╩╕м╜,╩╕╫П,╡ксм,╩╕г╕,╩╕дЬ,PTA,╩╕нЩ,╪в╢╪,╩╕рЬ,жёцч,╤╞а╕ц╨,╟влг,оП╫╨,╪╕╣╟,а╓гЮ
2016-06-28,сЯцв,сЯцв╣М╥ш,вьИ╣см,╫╧ц╨,кэао,ххтЧ╬М╟Е,╡ёа╖,лЗ©Сй╞,╤╧фи,╫╧л©,╩╕ба,╬ш╠Шо╘,╡кфи,╩╕п©,╤╧р╩,╤╧см,╩╕м╜,╩╕╫П,╡ксм,╩╕г╕,PTA,╩╕рЬ,╩╕дЬ,PVC,бщнф╦ж,╪в╢╪,╩╕нЩ,жёцч,╤╞а╕ц╨,╟влг,оП╫╨,а╓гЮ,╪╕╣╟
2016-07-05,сЯцв,сЯцв╣М╥ш,вьИ╣см,╩╕ба,лЗ©Сй╞,╤╧фи,кэао,╬ш╠Шо╘,╩╕п©,╡кфи,ххтЧ╬М╟Е,╫╧ц╨,╡ёа╖,╩╕м╜,╩╕рЬ,╤╧р╩,╩╕╫П,╩╕нЩ,╤╧см,╩╕дЬ,PTA,╩╕г╕,╫╧л©,PVC,╡ксм,бщнф╦ж,╤╞а╕ц╨,жёцч,оП╫╨,╪в╢╪,╟влг,╪╕╣╟,а╓гЮ
2016-07-12,сЯцв╣М╥ш,сЯцв,╬ш╠Шо╘,лЗ©Сй╞,вьИ╣см,╤╧фи,╡кфи,кэао,╩╕ба,╤╧р╩,╡ёа╖,ххтЧ╬М╟Е,╩╕п©,╫╧ц╨,PVC,╩╕╫П,╤╧см,╩╕м╜,╩╕нЩ,╩╕рЬ,╩╕г╕,╡ксм,╩╕дЬ,PTA,бщнф╦ж,╤╞а╕ц╨,╟влг,жёцч,╫╧л©,╪в╢╪,оП╫╨,╪╕╣╟,а╓гЮ
2016-07-19,сЯцв╣М╥ш,сЯцв,лЗ©Сй╞,╤╧фи,╡кфи,вьИ╣см,╬ш╠Шо╘,кэао,╤╧р╩,ххтЧ╬М╟Е,╩╕ба,╩╕п©,╡ёа╖,бщнф╦ж,╩╕м╜,╩╕╫П,PVC,╩╕нЩ,╤╧см,╫╧ц╨,PTA,╩╕рЬ,╡ксм,╩╕г╕,╩╕дЬ,╪в╢╪,╫╧л©,жёцч,╤╞а╕ц╨,╟влг,оП╫╨,╪╕╣╟,а╓гЮ
2016-07-26,сЯцв╣М╥ш,сЯцв,╤╧фи,лЗ©Сй╞,вьИ╣см,╡кфи,╤╧р╩,╬ш╠Шо╘,кэао,ххтЧ╬М╟Е,╩╕ба,╡ёа╖,╩╕п©,PVC,жёцч,╩╕м╜,╤╧см,╩╕╫П,бщнф╦ж,╫╧ц╨,╡ксм,╩╕нЩ,PTA,╩╕дЬ,╩╕рЬ,╩╕г╕,╪в╢╪,╤╞а╕ц╨,╫╧л©,╪╕╣╟,оП╫╨,╟влг,а╓гЮ
2016-08-02,сЯцв,сЯцв╣М╥ш,╤╧фи,вьИ╣см,╬ш╠Шо╘,лЗ©Сй╞,╤╧р╩,╡кфи,╩╕ба,жёцч,кэао,╡ёа╖,ххтЧ╬М╟Е,╩╕п©,╤╧см,PVC,╩╕нЩ,╩╕╫П,╩╕м╜,╡ксм,╩╕дЬ,╩╕рЬ,╩╕г╕,╫╧ц╨,бщнф╦ж,PTA,╤╞а╕ц╨,╟влг,╪╕╣╟,оП╫╨,╪в╢╪,╫╧л©,а╓гЮ
2016-08-09,сЯцв,сЯцв╣М╥ш,╡кфи,╤╧фи,вьИ╣см,╬ш╠Шо╘,лЗ©Сй╞,╤╧р╩,кэао,╩╕ба,жёцч,╩╕п©,╤╧см,ххтЧ╬М╟Е,╡ёа╖,╩╕м╜,╩╕╫П,╩╕нЩ,╩╕г╕,╡ксм,╩╕дЬ,╩╕рЬ,PVC,PTA,бщнф╦ж,╪╕╣╟,╪в╢╪,╫╧ц╨,╤╞а╕ц╨,╟влг,оП╫╨,╫╧л©,а╓гЮ
2016-08-16,сЯцв,╬ш╠Шо╘,лЗ©Сй╞,сЯцв╣М╥ш,╤╧фи,вьИ╣см,кэао,╡кфи,╩╕ба,╤╧р╩,╩╕п©,жёцч,ххтЧ╬М╟Е,╪╕╣╟,PVC,╩╕нЩ,╩╕г╕,╤╧см,╩╕м╜,╡ёа╖,╩╕╫П,╩╕дЬ,бщнф╦ж,╩╕рЬ,PTA,╡ксм,╤╞а╕ц╨,╪в╢╪,╟влг,╫╧ц╨,оП╫╨,╫╧л©,а╓гЮ
2016-08-19,сЯцв,╬ш╠Шо╘,╤╧фи,лЗ©Сй╞,сЯцв╣М╥ш,вьИ╣см,кэао,╡кфи,╩╕ба,╪╕╣╟,╩╕п©,PVC,ххтЧ╬М╟Е,╤╧р╩,╩╕нЩ,╩╕╫П,╩╕г╕,╩╕м╜,╤╞а╕ц╨,жёцч,╤╧см,╡ёа╖,PTA,╩╕рЬ,╩╕дЬ,бщнф╦ж,╡ксм,╪в╢╪,╟влг,╫╧ц╨,╫╧л©,а╓гЮ,оП╫╨
2016-08-23,сЯцв,╬ш╠Шо╘,сЯцв╣М╥ш,вьИ╣см,╤╧фи,кэао,╡кфи,лЗ©Сй╞,╪╕╣╟,╩╕ба,╩╕п©,PVC,╤╧р╩,жёцч,ххтЧ╬М╟Е,╩╕м╜,╩╕╫П,╩╕г╕,╩╕нЩ,╤╧см,╡ксм,╡ёа╖,╤╞а╕ц╨,╩╕дЬ,╩╕рЬ,PTA,бщнф╦ж,╪в╢╪,╟влг,╫╧ц╨,╫╧л©,а╓гЮ,оП╫╨
2016-08-30,сЯцв,╪╕╣╟,сЯцв╣М╥ш,╬ш╠Шо╘,лЗ©Сй╞,вьИ╣см,╤╧фи,╡кфи,кэао,PVC,╩╕ба,╩╕п©,жёцч,╤╧р╩,ххтЧ╬М╟Е,╤╧см,╡ёа╖,╩╕нЩ,╤╞а╕ц╨,бщнф╦ж,╩╕м╜,╩╕╫П,╩╕г╕,PTA,╡ксм,╩╕дЬ,╩╕рЬ,╪в╢╪,╟влг,╫╧л©,╫╧ц╨,а╓гЮ,оП╫╨
2016-09-06,сЯцв,сЯцв╣М╥ш,╪╕╣╟,╬ш╠Шо╘,╤╧фи,вьИ╣см,лЗ©Сй╞,кэао,╡кфи,╤╧р╩,╩╕ба,PVC,ххтЧ╬М╟Е,╩╕п©,жёцч,╤╧см,бщнф╦ж,╡ёа╖,╩╕г╕,╤╞а╕ц╨,╩╕м╜,╩╕╫П,╡ксм,╩╕дЬ,╩╕нЩ,╫╧л©,PTA,╩╕рЬ,╪в╢╪,╟влг,╫╧ц╨,а╓гЮ,оП╫╨
2016-09-13,сЯцв,сЯцв╣М╥ш,╪╕╣╟,╬ш╠Шо╘,лЗ©Сй╞,вьИ╣см,╤╧фи,╫╧л©,кэао,╤╞а╕ц╨,╡кфи,╤╧р╩,╩╕ба,бщнф╦ж,ххтЧ╬М╟Е,╡ёа╖,PVC,╩╕п©,╩╕нЩ,жёцч,╤╧см,╩╕г╕,╩╕м╜,╡ксм,╩╕╫П,╩╕дЬ,╩╕рЬ,PTA,╫╧ц╨,╪в╢╪,╟влг,а╓гЮ,оП╫╨
2016-09-20,сЯцв╣М╥ш,сЯцв,лЗ©Сй╞,вьИ╣см,╤╧фи,╫╧л©,╬ш╠Шо╘,╤╞а╕ц╨,кэао,╡ёа╖,╡кфи,╪╕╣╟,PVC,╩╕ба,ххтЧ╬М╟Е,бщнф╦ж,╩╕п©,╤╧р╩,╩╕нЩ,╤╧см,╩╕г╕,╩╕м╜,╩╕╫П,╩╕дЬ,╩╕рЬ,╫╧ц╨,PTA,╡ксм,жёцч,╟влг,╪в╢╪,а╓гЮ,оП╫╨
2016-09-27,сЯцв╣М╥ш,сЯцв,╤╧фи,лЗ©Сй╞,вьИ╣см,╤╞а╕ц╨,╬ш╠Шо╘,╫╧л©,PVC,╡кфи,╩╕ба,кэао,╡ёа╖,ххтЧ╬М╟Е,╩╕п©,╪╕╣╟,╩╕нЩ,бщнф╦ж,╤╧р╩,╩╕м╜,╩╕г╕,╤╧см,╩╕╫П,╩╕дЬ,╩╕рЬ,PTA,╪в╢╪,╡ксм,жёцч,╫╧ц╨,╟влг,оП╫╨,а╓гЮ
2016-10-11,╤╧фи,сЯцв╣М╥ш,╫╧л©,лЗ©Сй╞,сЯцв,╡ёа╖,вьИ╣см,PVC,╡кфи,╬ш╠Шо╘,╩╕ба,кэао,╤╞а╕ц╨,╫╧ц╨,ххтЧ╬М╟Е,╩╕п©,╩╕г╕,бщнф╦ж,╩╕м╜,╩╕нЩ,жёцч,╤╧см,╩╕╫П,╩╕дЬ,╤╧р╩,╩╕рЬ,PTA,╪в╢╪,╡ксм,╪╕╣╟,╟влг,а╓гЮ,оП╫╨
2016-10-18,╤╧фи,╡ёа╖,сЯцв,сЯцв╣М╥ш,╬ш╠Шо╘,лЗ©Сй╞,PVC,вьИ╣см,╡кфи,╫╧ц╨,кэао,╩╕ба,╫╧л©,╤╞а╕ц╨,ххтЧ╬М╟Е,╩╕п©,╩╕г╕,жёцч,╩╕нЩ,╩╕м╜,╪в╢╪,╪╕╣╟,╤╧см,╩╕╫П,╩╕дЬ,╩╕рЬ,бщнф╦ж,╤╧р╩,PTA,╡ксм,╟влг,оП╫╨,а╓гЮ
2016-10-25,лЗ©Сй╞,╤╧фи,╬ш╠Шо╘,╫╧л©,╡ёа╖,сЯцв╣М╥ш,сЯцв,PVC,╫╧ц╨,╡кфи,╩╕ба,кэао,вьИ╣см,ххтЧ╬М╟Е,жёцч,╩╕п©,╤╞а╕ц╨,╩╕г╕,╩╕м╜,╩╕нЩ,╪в╢╪,╩╕╫П,бщнф╦ж,╤╧см,╩╕дЬ,PTA,╡ксм,╩╕рЬ,╪╕╣╟,╤╧р╩,╟влг,оП╫╨,а╓гЮ
2016-11-01,╤╧фи,╩╕ба,сЯцв╣М╥ш,лЗ©Сй╞,сЯцв,╡ёа╖,вьИ╣см,╫╧ц╨,╡кфи,╬ш╠Шо╘,кэао,╤╞а╕ц╨,╫╧л©,╩╕п©,ххтЧ╬М╟Е,PVC,жёцч,╩╕г╕,╩╕м╜,╩╕нЩ,╩╕╫П,╤╧см,╪в╢╪,╩╕дЬ,╡ксм,╩╕рЬ,PTA,╪╕╣╟,╟влг,бщнф╦ж,╤╧р╩,оП╫╨,а╓гЮ
2016-11-08,╤╧фи,сЯцв╣М╥ш,╬ш╠Шо╘,╩╕ба,сЯцв,PVC,лЗ©Сй╞,кэао,╡кфи,вьИ╣см,ххтЧ╬М╟Е,╡ёа╖,╩╕п©,╤╞а╕ц╨,жёцч,╩╕нЩ,╪в╢╪,╩╕╫П,╩╕г╕,╫╧ц╨,╩╕м╜,╤╧см,╡ксм,╩╕рЬ,╩╕дЬ,PTA,╫╧л©,╪╕╣╟,╟влг,бщнф╦ж,╤╧р╩,оП╫╨,а╓гЮ
2016-11-15,╤╧фи,╩╕ба,лЗ©Сй╞,сЯцв╣М╥ш,вьИ╣см,кэао,╬ш╠Шо╘,╡кфи,PVC,сЯцв,╤╞а╕ц╨,╤╧см,жёцч,╩╕м╜,╩╕п©,╡ксм,╩╕нЩ,╪в╢╪,ххтЧ╬М╟Е,╩╕╫П,╩╕дЬ,╩╕г╕,╡ёа╖,╩╕рЬ,╫╧л©,PTA,бщнф╦ж,╟влг,╪╕╣╟,╤╧р╩,╫╧ц╨,оП╫╨,а╓гЮ
2016-11-22,╫╧л©,лЗ©Сй╞,╤╧фи,PVC,сЯцв╣М╥ш,вьИ╣см,╬ш╠Шо╘,╤╞а╕ц╨,кэао,сЯцв,╩╕ба,╫╧ц╨,╡кфи,ххтЧ╬М╟Е,╤╧см,╩╕п©,╡ёа╖,╩╕нЩ,╩╕г╕,╪в╢╪,╡ксм,╩╕╫П,╩╕м╜,бщнф╦ж,╩╕дЬ,╩╕рЬ,жёцч,PTA,╤╧р╩,╟влг,╪╕╣╟,оП╫╨,а╓гЮ
2016-11-29,сЯцв╣М╥ш,╤╧фи,PVC,сЯцв,вьИ╣см,лЗ©Сй╞,╤╞а╕ц╨,╫╧л©,кэао,╬ш╠Шо╘,╩╕ба,╩╕г╕,╩╕п©,╡кфи,╤╧см,╩╕нЩ,╪в╢╪,жёцч,╩╕╫П,╩╕м╜,╩╕дЬ,╩╕рЬ,PTA,╡ксм,ххтЧ╬М╟Е,╡ёа╖,╫╧ц╨,╟влг,бщнф╦ж,╪╕╣╟,╤╧р╩,оП╫╨,а╓гЮ
2016-12-06,╫╧л©,╤╧фи,сЯцв╣М╥ш,PVC,лЗ©Сй╞,вьИ╣см,╫╧ц╨,╤╞а╕ц╨,╡кфи,сЯцв,╩╕ба,╩╕г╕,кэао,╤╧см,╩╕п©,╡ёа╖,╪в╢╪,╬ш╠Шо╘,жёцч,╩╕нЩ,╩╕дЬ,╩╕м╜,╩╕╫П,╡ксм,╩╕рЬ,ххтЧ╬М╟Е,бщнф╦ж,PTA,╟влг,╪╕╣╟,оП╫╨,╤╧р╩,а╓гЮ
2016-12-13,╫╧л©,сЯцв╣М╥ш,╤╧фи,╫╧ц╨,вьИ╣см,╤╞а╕ц╨,PVC,сЯцв,╡кфи,лЗ©Сй╞,╪в╢╪,╤╧см,╩╕г╕,╩╕п©,кэао,жёцч,╩╕нЩ,╩╕ба,╩╕м╜,╡ксм,╩╕╫П,╩╕дЬ,ххтЧ╬М╟Е,╩╕рЬ,╬ш╠Шо╘,PTA,╡ёа╖,бщнф╦ж,╟влг,╪╕╣╟,оП╫╨,╤╧р╩,а╓гЮ
2016-12-20,╫╧л©,лЗ©Сй╞,╤╧фи,сЯцв╣М╥ш,╫╧ц╨,вьИ╣см,PVC,╤╞а╕ц╨,╡кфи,╤╧см,╪в╢╪,╩╕г╕,кэао,╩╕п©,сЯцв,╬ш╠Шо╘,ххтЧ╬М╟Е,жёцч,╩╕нЩ,бщнф╦ж,╡ксм,╩╕м╜,╩╕╫П,╩╕ба,╩╕дЬ,╟влг,PTA,╩╕рЬ,╡ёа╖,╪╕╣╟,оП╫╨,╤╧р╩,а╓гЮ
2016-12-27,╫╧л©,╤╧фи,лЗ©Сй╞,╫╧ц╨,сЯцв╣М╥ш,╡кфи,вьИ╣см,╤╞а╕ц╨,ххтЧ╬М╟Е,╪в╢╪,бщнф╦ж,жёцч,╡ксм,╤╧см,╬ш╠Шо╘,╩╕нЩ,кэао,╩╕г╕,╡ёа╖,╩╕п©,сЯцв,╟влг,PVC,╩╕╫П,PTA,╩╕м╜,╩╕рЬ,╩╕ба,╩╕дЬ,а╓гЮ,оП╫╨,╪╕╣╟,╤╧р╩
2017-01-04,╫╧л©,лЗ©Сй╞,╫╧ц╨,╤╧фи,сЯцв╣М╥ш,╤╞а╕ц╨,╡кфи,ххтЧ╬М╟Е,╪в╢╪,бщнф╦ж,вьИ╣см,╬ш╠Шо╘,╤╧см,кэао,╡ксм,жёцч,╩╕п©,╡ёа╖,╩╕г╕,PVC,╩╕нЩ,сЯцв,╩╕ба,╩╕дЬ,╩╕м╜,╩╕╫П,PTA,╩╕рЬ,╟влг,оП╫╨,╤╧р╩,╪╕╣╟,а╓гЮ
2017-01-10,╫╧л©,╫╧ц╨,╤╧фи,лЗ©Сй╞,сЯцв╣М╥ш,ххтЧ╬М╟Е,╡кфи,╤╞а╕ц╨,вьИ╣см,╪в╢╪,бщнф╦ж,╡ксм,кэао,╤╧см,╬ш╠Шо╘,╡ёа╖,╩╕п©,жёцч,╩╕г╕,╩╕нЩ,╩╕╫П,╩╕дЬ,╩╕ба,сЯцв,╩╕м╜,PTA,╩╕рЬ,PVC,╟влг,оП╫╨,╤╧р╩,╪╕╣╟,а╓гЮ
2017-01-17,╫╧л©,╤╧фи,╫╧ц╨,╤╞а╕ц╨,сЯцв╣М╥ш,вьИ╣см,лЗ©Сй╞,ххтЧ╬М╟Е,╡кфи,╤╧см,жёцч,╩╕п©,╪в╢╪,╡ксм,╩╕нЩ,кэао,╩╕г╕,╩╕╫П,╬ш╠Шо╘,╩╕дЬ,╩╕м╜,сЯцв,PTA,╡ёа╖,бщнф╦ж,╩╕ба,╩╕рЬ,╟влг,оП╫╨,PVC,╤╧р╩,а╓гЮ,╪╕╣╟
2017-01-24,╫╧л©,╫╧ц╨,лЗ©Сй╞,╤╧фи,ххтЧ╬М╟Е,╤╞а╕ц╨,вьИ╣см,╡кфи,сЯцв╣М╥ш,╤╧см,╪в╢╪,бщнф╦ж,╩╕п©,╩╕нЩ,╡ксм,жёцч,╩╕г╕,╩╕м╜,кэао,╩╕╫П,╬ш╠Шо╘,╡ёа╖,╩╕ба,╩╕дЬ,╩╕рЬ,PTA,╟влг,PVC,оП╫╨,сЯцв,а╓гЮ,╤╧р╩,╪╕╣╟
2017-02-07,╫╧л©,╫╧ц╨,лЗ©Сй╞,╤╧фи,ххтЧ╬М╟Е,╤╞а╕ц╨,вьИ╣см,╡кфи,бщнф╦ж,╩╕п©,╤╧см,╪в╢╪,╡ксм,╩╕нЩ,╩╕г╕,кэао,сЯцв╣М╥ш,╩╕╫П,╩╕м╜,╩╕дЬ,╡ёа╖,жёцч,╬ш╠Шо╘,╩╕рЬ,╩╕ба,╟влг,PTA,оП╫╨,сЯцв,PVC,╤╧р╩,а╓гЮ,╪╕╣╟
2017-02-14,╫╧л©,╫╧ц╨,╤╞а╕ц╨,╤╧фи,вьИ╣см,ххтЧ╬М╟Е,лЗ©Сй╞,╤╧см,╡кфи,╩╕п©,бщнф╦ж,╩╕нЩ,╡ксм,жёцч,сЯцв╣М╥ш,╩╕╫П,╩╕г╕,╪в╢╪,╩╕м╜,╩╕дЬ,кэао,╩╕рЬ,PTA,╬ш╠Шо╘,╩╕ба,оП╫╨,╟влг,PVC,╡ёа╖,сЯцв,╤╧р╩,а╓гЮ,╪╕╣╟
2017-02-20,╫╧ц╨,лЗ©Сй╞,╫╧л©,╤╧фи,вьИ╣см,╤╞а╕ц╨,ххтЧ╬М╟Е,╡кфи,бщнф╦ж,╪в╢╪,╩╕п©,╡ксм,╤╧см,жёцч,╩╕г╕,╩╕нЩ,кэао,╬ш╠Шо╘,сЯцв╣М╥ш,╩╕╫П,╩╕м╜,PTA,╩╕ба,╩╕дЬ,╩╕рЬ,╟влг,оП╫╨,PVC,сЯцв,╡ёа╖,а╓гЮ,╤╧р╩,╪╕╣╟
2017-02-27,лЗ©Сй╞,╫╧ц╨,ххтЧ╬М╟Е,╫╧л©,╤╧фи,вьИ╣см,╪в╢╪,бщнф╦ж,╤╞а╕ц╨,╡кфи,╤╧см,╩╕п©,╡ксм,╩╕г╕,кэао,╩╕нЩ,╩╕╫П,жёцч,╬ш╠Шо╘,сЯцв╣М╥ш,╩╕м╜,PTA,PVC,╩╕рЬ,╩╕дЬ,╟влг,╩╕ба,╡ёа╖,оП╫╨,сЯцв,╤╧р╩,а╓гЮ,╪╕╣╟
2017-03-06,лЗ©Сй╞,бщнф╦ж,ххтЧ╬М╟Е,╫╧ц╨,вьИ╣см,╤╧фи,╪в╢╪,╤╞а╕ц╨,╡кфи,╫╧л©,╩╕п©,╤╧см,╩╕г╕,кэао,╩╕нЩ,╩╕╫П,╬ш╠Шо╘,PTA,╡ксм,жёцч,╩╕м╜,╩╕дЬ,╩╕рЬ,сЯцв╣М╥ш,╡ёа╖,╩╕ба,╟влг,PVC,оП╫╨,╤╧р╩,сЯцв,а╓гЮ,╪╕╣╟
2017-03-13,лЗ©Сй╞,бщнф╦ж,ххтЧ╬М╟Е,╪в╢╪,╫╧ц╨,╡кфи,╤╧фи,╤╞а╕ц╨,вьИ╣см,кэао,╡ёа╖,╩╕п©,жёцч,╤╧см,╩╕нЩ,╡ксм,╬ш╠Шо╘,╫╧л©,PTA,╩╕г╕,╩╕╫П,╩╕м╜,а╓гЮ,╩╕дЬ,сЯцв╣М╥ш,╩╕рЬ,PVC,╩╕ба,╟влг,╤╧р╩,оП╫╨,сЯцв,╪╕╣╟
2017-03-20,бщнф╦ж,лЗ©Сй╞,╫╧ц╨,ххтЧ╬М╟Е,вьИ╣см,╡кфи,╤╧фи,╪в╢╪,╤╞а╕ц╨,╩╕п©,кэао,╡ёа╖,жёцч,╡ксм,╩╕нЩ,╤╧см,╩╕╫П,╩╕г╕,╩╕м╜,╬ш╠Шо╘,╩╕дЬ,PTA,╫╧л©,╩╕ба,╩╕рЬ,сЯцв╣М╥ш,а╓гЮ,╤╧р╩,╟влг,PVC,оП╫╨,сЯцв,╪╕╣╟
2017-03-27,лЗ©Сй╞,бщнф╦ж,╫╧ц╨,ххтЧ╬М╟Е,╡кфи,╤╧фи,вьИ╣см,╤╞а╕ц╨,╡ёа╖,кэао,╬ш╠Шо╘,╩╕п©,╫╧л©,жёцч,╡ксм,╩╕нЩ,╪в╢╪,╩╕╫П,а╓гЮ,PTA,╩╕г╕,╤╧см,╩╕м╜,╩╕дЬ,PVC,╩╕рЬ,╩╕ба,сЯцв╣М╥ш,╟влг,╤╧р╩,оП╫╨,сЯцв,╪╕╣╟
2017-04-05,лЗ©Сй╞,бщнф╦ж,╫╧ц╨,╡кфи,ххтЧ╬М╟Е,╤╧фи,вьИ╣см,кэао,жёцч,╤╞а╕ц╨,╩╕п©,╬ш╠Шо╘,╪в╢╪,╡ёа╖,╩╕нЩ,╫╧л©,╡ксм,╩╕г╕,а╓гЮ,╤╧см,╩╕╫П,PVC,╟влг,сЯцв╣М╥ш,PTA,╩╕дЬ,╩╕м╜,╩╕рЬ,╤╧р╩,╩╕ба,сЯцв,оП╫╨,╪╕╣╟
2017-04-10,лЗ©Сй╞,бщнф╦ж,╡кфи,вьИ╣см,ххтЧ╬М╟Е,╫╧ц╨,╤╧фи,╩╕п©,╤╞а╕ц╨,╪в╢╪,╩╕г╕,кэао,жёцч,╡ёа╖,╬ш╠Шо╘,╩╕нЩ,сЯцв╣М╥ш,╤╧см,╡ксм,╩╕м╜,╩╕╫П,╫╧л©,╩╕дЬ,PVC,PTA,╩╕ба,╟влг,╤╧р╩,╩╕рЬ,а╓гЮ,сЯцв,оП╫╨,╪╕╣╟
2017-04-17,╫╧ц╨,бщнф╦ж,╫╧л©,лЗ©Сй╞,вьИ╣см,╡кфи,╪в╢╪,кэао,╤╞а╕ц╨,╬ш╠Шо╘,╡ёа╖,╩╕п©,╤╧фи,а╓гЮ,ххтЧ╬М╟Е,сЯцв╣М╥ш,PVC,╩╕нЩ,жёцч,╩╕г╕,╩╕╫П,╡ксм,╩╕м╜,╩╕дЬ,╤╧см,╩╕рЬ,╟влг,╩╕ба,PTA,сЯцв,╤╧р╩,оП╫╨,╪╕╣╟
2017-04-24,╫╧ц╨,╫╧л©,бщнф╦ж,вьИ╣см,╤╞а╕ц╨,╪в╢╪,╡кфи,кэао,╬ш╠Шо╘,╩╕п©,╤╧фи,ххтЧ╬М╟Е,сЯцв╣М╥ш,╡ёа╖,лЗ©Сй╞,а╓гЮ,PVC,╩╕нЩ,╩╕г╕,╩╕╫П,╡ксм,╩╕м╜,жёцч,╩╕дЬ,PTA,╤╧см,╤╧р╩,╩╕рЬ,╩╕ба,сЯцв,╟влг,оП╫╨,╪╕╣╟
2017-05-02,╫╧ц╨,╫╧л©,бщнф╦ж,вьИ╣см,╤╞а╕ц╨,╡кфи,╩╕п©,сЯцв╣М╥ш,╤╧фи,кэао,ххтЧ╬М╟Е,лЗ©Сй╞,╬ш╠Шо╘,╪в╢╪,╩╕нЩ,╡ёа╖,жёцч,╟влг,а╓гЮ,╩╕г╕,╩╕╫П,╩╕м╜,╩╕дЬ,╡ксм,╤╧см,сЯцв,╩╕ба,╤╧р╩,╩╕рЬ,PTA,PVC,оП╫╨,╪╕╣╟
2017-05-08,╫╧ц╨,╫╧л©,бщнф╦ж,лЗ©Сй╞,а╓гЮ,╤╞а╕ц╨,вьИ╣см,╡кфи,╩╕п©,╬ш╠Шо╘,кэао,ххтЧ╬М╟Е,сЯцв╣М╥ш,╡ёа╖,╤╧фи,╪в╢╪,жёцч,╩╕г╕,╩╕нЩ,╩╕м╜,╩╕дЬ,╩╕╫П,PVC,╟влг,╤╧см,╡ксм,сЯцв,╩╕ба,PTA,╤╧р╩,╩╕рЬ,оП╫╨,╪╕╣╟
2017-05-15,╫╧ц╨,бщнф╦ж,╫╧л©,╤╞а╕ц╨,╡кфи,вьИ╣см,╩╕п©,лЗ©Сй╞,ххтЧ╬М╟Е,а╓гЮ,сЯцв╣М╥ш,╤╧фи,╡ёа╖,кэао,╬ш╠Шо╘,╪в╢╪,жёцч,╟влг,╩╕╫П,╩╕г╕,╩╕дЬ,╩╕м╜,╩╕нЩ,сЯцв,╤╧см,╩╕ба,PVC,╩╕рЬ,╡ксм,╤╧р╩,PTA,оП╫╨,╪╕╣╟
2017-05-22,╫╧ц╨,бщнф╦ж,╫╧л©,╤╞а╕ц╨,╡кфи,╩╕п©,вьИ╣см,ххтЧ╬М╟Е,╤╧фи,сЯцв╣М╥ш,лЗ©Сй╞,╡ёа╖,жёцч,а╓гЮ,╩╕г╕,кэао,╩╕╫П,сЯцв,╩╕м╜,╤╧р╩,╩╕нЩ,╟влг,╩╕ба,╩╕дЬ,╬ш╠Шо╘,╩╕рЬ,╤╧см,╪в╢╪,╡ксм,PTA,PVC,оП╫╨,╪╕╣╟
2017-05-31,╫╧ц╨,бщнф╦ж,╫╧л©,╤╞а╕ц╨,╡кфи,вьИ╣см,╩╕п©,лЗ©Сй╞,ххтЧ╬М╟Е,╤╧фи,кэао,а╓гЮ,сЯцв╣М╥ш,жёцч,╡ёа╖,╩╕г╕,PVC,╬ш╠Шо╘,сЯцв,╟влг,╩╕╫П,╩╕м╜,╤╧р╩,╡ксм,╩╕нЩ,╪в╢╪,╩╕дЬ,╩╕ба,╩╕рЬ,╤╧см,PTA,оП╫╨,╪╕╣╟
2017-06-05,╫╧ц╨,╫╧л©,бщнф╦ж,╡кфи,╤╞а╕ц╨,вьИ╣см,╩╕п©,ххтЧ╬М╟Е,лЗ©Сй╞,а╓гЮ,╡ёа╖,кэао,╬ш╠Шо╘,╤╧фи,╪в╢╪,жёцч,╤╧р╩,сЯцв╣М╥ш,PVC,╩╕г╕,╟влг,╩╕╫П,╡ксм,╩╕м╜,╤╧см,╩╕нЩ,╩╕дЬ,сЯцв,╩╕ба,╩╕рЬ,PTA,оП╫╨,╪╕╣╟
2017-06-12,╫╧ц╨,╫╧л©,бщнф╦ж,╡кфи,╩╕п©,вьИ╣см,ххтЧ╬М╟Е,лЗ©Сй╞,кэао,╤╞а╕ц╨,╡ёа╖,а╓гЮ,жёцч,╤╧фи,╬ш╠Шо╘,PVC,╩╕╫П,╪в╢╪,╩╕г╕,╩╕м╜,╩╕нЩ,╟влг,╩╕дЬ,╤╧см,╩╕ба,сЯцв╣М╥ш,╤╧р╩,╩╕рЬ,╡ксм,PTA,сЯцв,оП╫╨,╪╕╣╟
2017-06-19,╫╧ц╨,бщнф╦ж,╫╧л©,╡кфи,вьИ╣см,ххтЧ╬М╟Е,╩╕п©,кэао,жёцч,лЗ©Сй╞,╩╕г╕,╡ёа╖,╬ш╠Шо╘,╤╞а╕ц╨,╤╧фи,PVC,╟влг,╪в╢╪,а╓гЮ,╩╕дЬ,╩╕м╜,╩╕╫П,╩╕нЩ,╤╧р╩,сЯцв╣М╥ш,╤╧см,╡ксм,╩╕ба,╩╕рЬ,PTA,сЯцв,оП╫╨,╪╕╣╟
2017-06-26,╫╧ц╨,бщнф╦ж,╡кфи,ххтЧ╬М╟Е,вьИ╣см,╫╧л©,╩╕п©,кэао,жёцч,╩╕г╕,╟влг,╤╧фи,лЗ©Сй╞,╡ёа╖,╬ш╠Шо╘,╤╞а╕ц╨,╪в╢╪,а╓гЮ,╤╧р╩,PVC,╩╕╫П,╡ксм,╩╕дЬ,╤╧см,сЯцв╣М╥ш,╩╕нЩ,PTA,╩╕ба,╩╕рЬ,╩╕м╜,сЯцв,╪╕╣╟,оП╫╨
2017-07-03,╫╧ц╨,бщнф╦ж,╡кфи,ххтЧ╬М╟Е,вьИ╣см,╟влг,жёцч,лЗ©Сй╞,╩╕п©,кэао,╤╞а╕ц╨,╤╧фи,╩╕г╕,сЯцв╣М╥ш,╫╧л©,╬ш╠Шо╘,╡ёа╖,╩╕╫П,╤╧р╩,╩╕дЬ,╡ксм,╩╕нЩ,╤╧см,PVC,PTA,╩╕м╜,сЯцв,╩╕рЬ,╩╕ба,╪в╢╪,а╓гЮ,оП╫╨,╪╕╣╟
